name,state,method,model_family,scenario,seed,target_component,target_depth,AA,BWT,AF,FWT,trainable_params,total_params,mean_time_per_task_s,peak_gpu_mem_mb,target
cil_cord_cl_lora_seed123,finished,cl_lora,layoutlmv3,cil_cord,123,,,0.0,-35.942295635833275,35.942295635833275,-94.14632347512081,489277,125816253,1616.8456506356597,4813.203125,
cil_cord_cl_lora_seed42,finished,cl_lora,layoutlmv3,cil_cord,42,,,13.846153846153845,-36.810165992771665,36.810165992771665,-94.14632347512081,489277,125816253,1306.2426098534372,4813.203125,
cil_cord_cl_lora_seed7,finished,cl_lora,layoutlmv3,cil_cord,7,,,12.914798206278027,-35.95011992343738,35.95011992343738,-94.14632347512081,489277,125816253,1822.7890530418604,4813.203125,
cil_cord_coda_prompt_seed123,finished,coda_prompt,layoutlmv3,cil_cord,123,,,0.0,-19.339933993399338,19.339933993399338,-94.14632347512081,100669,125373885,1807.8057162008015,3676.43896484375,
cil_cord_coda_prompt_seed42,finished,coda_prompt,layoutlmv3,cil_cord,42,,,0.0,-14.918919752134908,14.918919752134908,-92.27716459661615,100669,125373885,697.2228164986125,3676.43896484375,
cil_cord_coda_prompt_seed7,finished,coda_prompt,layoutlmv3,cil_cord,7,,,0.0,-19.466403162055336,19.466403162055336,-94.14632347512081,100669,125373885,1807.7484638896071,3676.43896484375,
cil_cord_der_pp_seed123,finished,der_pp,layoutlmv3,cil_cord,123,,,18.46153846153846,-89.20167733911514,89.20167733911514,-94.14632347512081,125373885,125373885,242.90770302582533,35539.6943359375,
cil_cord_der_pp_seed42,finished,der_pp,layoutlmv3,cil_cord,42,,,17.870680044593087,-87.6951933541581,87.6951933541581,-94.14632347512081,125373885,125373885,356.2006018914282,35539.6943359375,
cil_cord_der_pp_seed7,finished,der_pp,layoutlmv3,cil_cord,7,,,18.128984284009658,-81.69000868456955,81.69000868456955,-94.14632347512081,125373885,125373885,296.2912002908997,35539.6943359375,
cil_cord_doccl_seed123,finished,doccl,layoutlmv3,cil_cord,123,,all,17.00993573586974,-84.8220629278495,84.8220629278495,-94.14632347512081,125373885,125373885,2516.7026206638197,5014.66357421875,all
cil_cord_doccl_seed123_head_only,finished,doccl,layoutlmv3,cil_cord,123,,head_only,17.644377606033256,-80.22834212795567,80.22834212795567,-94.14632347512081,125373885,125373885,743.1315922392066,19331.04541015625,head_only
cil_cord_doccl_seed123_late_only,finished,doccl,layoutlmv3,cil_cord,123,,late_only,19.68215081801741,-78.14541623373819,78.14541623373819,-94.14632347512081,125373885,125373885,945.8555998856434,19331.04541015625,late_only
cil_cord_doccl_seed123_uniform,finished,doccl,layoutlmv3,cil_cord,123,,uniform,12.308479629753242,-28.60493043335481,28.60493043335481,-94.14632347512081,125373885,125373885,505.1592953091953,19331.052734375,uniform
cil_cord_doccl_seed42,finished,doccl,layoutlmv3,cil_cord,42,,all,16.104149152997564,-81.86241864557621,81.86241864557621,-94.14632347512081,125373885,125373885,2725.4855079846225,5014.66357421875,all
cil_cord_doccl_seed42_head_only,finished,doccl,layoutlmv3,cil_cord,42,,head_only,16.363126210038082,-84.04881843186054,84.04881843186054,-94.14632347512081,125373885,125373885,1057.0088163651992,19331.04541015625,head_only
cil_cord_doccl_seed42_late_only,finished,doccl,layoutlmv3,cil_cord,42,,late_only,17.53280506638766,-76.6395062002845,76.6395062002845,-94.14632347512081,125373885,125373885,1015.8092019273433,19331.04541015625,late_only
cil_cord_doccl_seed42_uniform,finished,doccl,layoutlmv3,cil_cord,42,,uniform,10.819712453515269,-29.87067894735126,29.87067894735126,-94.14632347512081,125373885,125373885,484.0273659394123,19331.052734375,uniform
cil_cord_doccl_seed7,finished,doccl,layoutlmv3,cil_cord,7,,all,15.210226397659017,-71.1820894754502,71.1820894754502,-94.14632347512081,125373885,125373885,1880.3111076087691,5014.66357421875,all
cil_cord_doccl_seed7_head_only,finished,doccl,layoutlmv3,cil_cord,7,,head_only,17.269171673118432,-84.46036112071413,84.46036112071413,-94.14632347512081,125373885,125373885,727.5002526755677,19331.04541015625,head_only
cil_cord_doccl_seed7_late_only,finished,doccl,layoutlmv3,cil_cord,7,,late_only,16.43275273391561,-70.97024878660662,70.97024878660662,-94.14632347512081,125373885,125373885,729.7840292549924,19331.04541015625,late_only
cil_cord_doccl_seed7_uniform,finished,doccl,layoutlmv3,cil_cord,7,,uniform,14.386161813062397,-20.1654528282617,20.1654528282617,-94.14632347512081,125373885,125373885,410.2104837243678,19331.052734375,uniform
cil_cord_dualprompt_seed123,finished,dualprompt,layoutlmv3,cil_cord,123,,,3.3115468409586057,-14.683713392884966,14.683713392884966,-94.14632347512081,55357,125373885,660.5082038458437,16845.4296875,
cil_cord_dualprompt_seed42,finished,dualprompt,layoutlmv3,cil_cord,42,,,0.0,-15.144300144300141,15.144300144300141,-93.60657862723073,55357,125373885,272.69880487639455,16845.4296875,
cil_cord_dualprompt_seed7,finished,dualprompt,layoutlmv3,cil_cord,7,,,2.0316027088036117,-15.67241714379681,15.67241714379681,-94.14632347512081,55357,125373885,518.3393000070937,16845.4296875,
cil_cord_er_cflat_seed123,finished,er_cflat,layoutlmv3,cil_cord,123,,,16.959071043540536,-74.70479352699263,74.70479352699263,-94.14632347512081,125373885,125373885,1003.0606370485621,5621.8212890625,
cil_cord_er_cflat_seed42,finished,er_cflat,layoutlmv3,cil_cord,42,,,14.16736277955811,-72.98145319209434,72.98145319209434,-94.14632347512081,125373885,125373885,1048.1869043361628,5621.8212890625,
cil_cord_er_cflat_seed7,finished,er_cflat,layoutlmv3,cil_cord,7,,,16.64826047312413,-71.98885056037557,71.98885056037557,-94.14632347512081,125373885,125373885,1070.7383705474435,5621.8212890625,
cil_cord_er_seed123,finished,er,layoutlmv3,cil_cord,123,,,16.583350465568493,-72.20299526403903,72.20299526403903,-94.14632347512081,125373885,125373885,199.3544190570712,27144.08349609375,
cil_cord_er_seed42,finished,er,layoutlmv3,cil_cord,42,,,16.936123313306407,-64.32103493663136,64.32103493663136,-94.14632347512081,125373885,125373885,152.8835683283396,27144.08349609375,
cil_cord_er_seed7,finished,er,layoutlmv3,cil_cord,7,,,14.43041612306358,-68.43662657991756,68.43662657991756,-94.14632347512081,125373885,125373885,171.18194729145617,27144.08349609375,
cil_cord_ewc_seed123,finished,ewc,layoutlmv3,cil_cord,123,,,0.2797202797202797,-63.35531582098167,63.35531582098167,-94.14632347512081,125373885,125373885,285.3771714080125,20386.373046875,
cil_cord_ewc_seed42,finished,ewc,layoutlmv3,cil_cord,42,,,1.1111111111111112,-43.0850338081069,43.0850338081069,-94.14632347512081,125373885,125373885,210.1825982590206,20386.373046875,
cil_cord_ewc_seed7,finished,ewc,layoutlmv3,cil_cord,7,,,0.0,-58.109348121433996,58.109348121433996,-94.14632347512081,125373885,125373885,268.24346750611437,20386.373046875,
cil_cord_joint_seed123,finished,joint,layoutlmv3,cil_cord,123,,,32.94339490320546,0.0,-0.0,,125373885,125373885,10881.507065327001,10533.34033203125,
cil_cord_joint_seed42,finished,joint,layoutlmv3,cil_cord,42,,,33.429243545756265,0.0,-0.0,,125373885,125373885,10800.212195164,10533.34033203125,
cil_cord_joint_seed7,finished,joint,layoutlmv3,cil_cord,7,,,33.57471100623552,0.0,-0.0,,125373885,125373885,10806.050934040999,10533.34033203125,
cil_cord_l2p_seed123,finished,l2p,layoutlmv3,cil_cord,123,,,1.2999999999999998,-17.02473262032085,17.02473262032085,-94.14632347512081,92989,125373885,531.4300036394968,16845.58642578125,
cil_cord_l2p_seed42,finished,l2p,layoutlmv3,cil_cord,42,,,0.0,-14.157893024598732,14.157893024598732,-94.08736121096987,92989,125373885,122.01166577395051,16845.58642578125,
cil_cord_l2p_seed7,finished,l2p,layoutlmv3,cil_cord,7,,,2.092746730083234,-16.063186000337918,16.063186000337918,-94.14632347512081,92989,125373885,577.8876998139546,16845.58642578125,
cil_cord_lwf_seed123,finished,lwf,layoutlmv3,cil_cord,123,,,18.70646766169154,-94.49323416921857,94.49323416921857,-94.14632347512081,125373885,125373885,427.20638462677596,20893.7255859375,
cil_cord_lwf_seed42,finished,lwf,layoutlmv3,cil_cord,42,,,18.98989898989899,-93.12162600832892,93.12162600832892,-94.14632347512081,125373885,125373885,389.41933045573535,20893.7255859375,
cil_cord_lwf_seed7,finished,lwf,layoutlmv3,cil_cord,7,,,18.775510204081634,-93.52190146462102,93.52190146462102,-94.14632347512081,125373885,125373885,359.98539394596594,20893.7255859375,
cil_cord_naive_seed123,finished,naive,layoutlmv3,cil_cord,123,,,19.076923076923077,-93.65074917784685,93.65074917784685,-94.14632347512081,125373885,125373885,594.8196452979995,10533.34033203125,
cil_cord_naive_seed123_bert,finished,bert_textonly,bert,cil_cord,123,,,19.19191919191919,-93.88608553585625,93.88608553585625,-94.14632347512081,108938557,108938557,435.78350160459524,6240.55712890625,
cil_cord_naive_seed42,finished,naive,layoutlmv3,cil_cord,42,,,18.78787878787879,-93.81168233927477,93.81168233927477,-94.14632347512081,125373885,125373885,677.7813572694001,10533.34033203125,
cil_cord_naive_seed42_bert,finished,bert_textonly,bert,cil_cord,42,,,19.393939393939394,-92.73031141969705,92.73031141969705,-94.14632347512081,108938557,108938557,421.82180705661887,6240.55712890625,
cil_cord_naive_seed7,finished,naive,layoutlmv3,cil_cord,7,,,19.076923076923077,-93.69623880470445,93.69623880470445,-94.14632347512081,125373885,125373885,570.9485570726007,10533.34033203125,
cil_cord_naive_seed7_bert,finished,bert_textonly,bert,cil_cord,7,,,19.2,-93.95555202373384,93.95555202373384,-94.14632347512081,108938557,108938557,524.8191642261925,6240.55712890625,
cil_cord_o_lora_seed123,finished,o_lora,layoutlmv3,cil_cord,123,,,14.218009478672986,-39.262158560959364,39.262158560959364,-94.14632347512081,489277,125816253,2530.5483843412017,3650.9228515625,
cil_cord_o_lora_seed42,finished,o_lora,layoutlmv3,cil_cord,42,,,0.0,-36.194448501586706,36.194448501586706,-94.14632347512081,489277,125816253,1560.687252956198,3650.9228515625,
cil_cord_o_lora_seed7,finished,o_lora,layoutlmv3,cil_cord,7,,,0.0,-32.63347840882632,32.63347840882632,-94.14632347512081,489277,125816253,1261.5203169603833,3650.9228515625,
cil_wildreceipt_coda_prompt_seed123,finished,coda_prompt,layoutlmv3,cil_wildreceipt,123,,,7.114702404414663,-11.73724842471862,11.73724842471862,-83.28509194575128,91441,125364657,1770.6430332828313,3675.92724609375,
cil_wildreceipt_coda_prompt_seed42,finished,coda_prompt,layoutlmv3,cil_wildreceipt,42,,,7.299843014128729,-33.82534389930072,33.82534389930072,-84.82600039312688,91441,125364657,4280.753951923922,16846.2431640625,
cil_wildreceipt_coda_prompt_seed7,finished,coda_prompt,layoutlmv3,cil_wildreceipt,7,,,7.961666052340583,-8.751625047754343,8.751625047754343,-84.04491612784716,91441,125364657,2603.288633242715,16846.2431640625,
cil_wildreceipt_der_pp_seed123,finished,der_pp,layoutlmv3,cil_wildreceipt,123,,,20.43732282291131,-83.71228086115134,83.71228086115134,-85.18800858594388,125364657,125364657,648.9496249796357,35537.8662109375,
cil_wildreceipt_der_pp_seed42,finished,der_pp,layoutlmv3,cil_wildreceipt,42,,,19.874508847815626,-84.58900071972782,84.58900071972782,-85.18800858594388,125364657,125364657,764.0450502526946,35537.8662109375,
cil_wildreceipt_der_pp_seed7,finished,der_pp,layoutlmv3,cil_wildreceipt,7,,,20.431513030690002,-83.55331810728677,83.55331810728677,-85.18800858594388,125364657,125364657,644.2351138902595,35537.8662109375,
cil_wildreceipt_doccl_seed42,finished,doccl,layoutlmv3,cil_wildreceipt,42,,all,18.916594272777242,-81.97828744356038,81.97828744356038,-85.18800858594388,125364657,125364657,2063.523768502484,6851.4755859375,all
cil_wildreceipt_doccl_seed7,finished,doccl,layoutlmv3,cil_wildreceipt,7,,all,18.81618254294358,-82.49462393717188,82.49462393717188,-85.18800858594388,125364657,125364657,2525.6950553112256,6851.4755859375,all
cil_wildreceipt_dualprompt_seed123,finished,dualprompt,layoutlmv3,cil_wildreceipt,123,,,10.634328358208954,-5.791771197869657,5.791771197869657,-84.6295459502232,46129,125364657,2373.2674871184863,3674.8544921875,
cil_wildreceipt_dualprompt_seed42,finished,dualprompt,layoutlmv3,cil_wildreceipt,42,,,10.681431005110731,-6.1638522365684265,6.1638522365684265,-84.7611778545994,46129,125364657,2322.904353981372,3674.8544921875,
cil_wildreceipt_dualprompt_seed7,finished,dualprompt,layoutlmv3,cil_wildreceipt,7,,,10.935374149659866,-4.656511523691841,4.656511523691841,-83.65097400266575,46129,125364657,2826.218286656309,3674.8544921875,
cil_wildreceipt_er_seed123,finished,er,layoutlmv3,cil_wildreceipt,123,,,19.755918316891197,-80.6718579094866,80.6718579094866,-85.18800858594388,125364657,125364657,545.1860064961948,27142.83544921875,
cil_wildreceipt_er_seed42,finished,er,layoutlmv3,cil_wildreceipt,42,,,19.92643302664282,-78.1483724219818,78.1483724219818,-85.18800858594388,125364657,125364657,506.98444908868987,27142.83544921875,
cil_wildreceipt_er_seed7,finished,er,layoutlmv3,cil_wildreceipt,7,,,19.998766732637417,-79.25391622551926,79.25391622551926,-85.18800858594388,125364657,125364657,714.5363711969694,27142.83544921875,
cil_wildreceipt_ewc_seed123,finished,ewc,layoutlmv3,cil_wildreceipt,123,,,2.0547945205479454,-72.27653463785084,72.27653463785084,-85.18800858594388,125364657,125364657,653.4609837249154,20385.822265625,
cil_wildreceipt_ewc_seed42,finished,ewc,layoutlmv3,cil_wildreceipt,42,,,8.53107436869666,-60.470136164970604,60.470136164970604,-85.18800858594388,125364657,125364657,495.7490558542777,20385.822265625,
cil_wildreceipt_ewc_seed7,finished,ewc,layoutlmv3,cil_wildreceipt,7,,,7.107109045927481,-61.44199714210967,61.44199714210967,-85.18800858594388,125364657,125364657,461.8346886037616,20385.822265625,
cil_wildreceipt_joint_seed123,finished,joint,layoutlmv3,cil_wildreceipt,123,,,33.505277794444154,0.0,-0.0,,125364657,125364657,710.3038391550072,19429.419921875,
cil_wildreceipt_joint_seed42,finished,joint,layoutlmv3,cil_wildreceipt,42,,,34.09604711101456,0.0,-0.0,,125364657,125364657,1089.7243868033402,19429.419921875,
cil_wildreceipt_joint_seed7,finished,joint,layoutlmv3,cil_wildreceipt,7,,,34.07255216057626,0.0,-0.0,,125364657,125364657,871.4267654833384,19429.419921875,
cil_wildreceipt_l2p_seed123,finished,l2p,layoutlmv3,cil_wildreceipt,123,,,10.25506638714186,-7.118599637818824,7.118599637818824,-84.65554986161781,83761,125364657,1101.6466543854913,16845.1240234375,
cil_wildreceipt_l2p_seed42,finished,l2p,layoutlmv3,cil_wildreceipt,42,,,10.13536966331135,-6.787507000580998,6.787507000580998,-84.57807056724442,83761,125364657,1203.4191620742204,16845.1240234375,
cil_wildreceipt_l2p_seed7,finished,l2p,layoutlmv3,cil_wildreceipt,7,,,10.737790093522687,-5.132399418331221,5.132399418331221,-84.54485396524694,83761,125364657,1211.8947065753164,16845.1240234375,
cil_wildreceipt_lwf_seed123,finished,lwf,layoutlmv3,cil_wildreceipt,123,,,20.84436598999706,-84.99455107388856,84.99455107388856,-85.18800858594388,125364657,125364657,725.2692224407801,20892.2548828125,
cil_wildreceipt_lwf_seed42,finished,lwf,layoutlmv3,cil_wildreceipt,42,,,20.865102639296186,-85.64344207766766,85.64344207766766,-85.18800858594388,125364657,125364657,866.455296821543,20892.2548828125,
cil_wildreceipt_lwf_seed7,finished,lwf,layoutlmv3,cil_wildreceipt,7,,,20.750812887969257,-85.15778276361804,85.15778276361804,-85.18800858594388,125364657,125364657,758.4922637275886,20892.2548828125,
cil_wildreceipt_naive_seed123,finished,naive,layoutlmv3,cil_wildreceipt,123,,,20.720047804003585,-83.51574323419877,83.51574323419877,-85.18800858594388,125364657,125364657,1173.7147613969992,10533.04736328125,
cil_wildreceipt_naive_seed123_bert,finished,bert_textonly,bert,cil_wildreceipt,123,,,18.200349446709378,-76.65080427169381,76.65080427169381,-85.18800858594388,108929329,108929329,411.3681177274557,6240.04150390625,
cil_wildreceipt_naive_seed42,finished,naive,layoutlmv3,cil_wildreceipt,42,,,20.789865871833086,-85.1981480791723,85.1981480791723,-85.18800858594388,125364657,125364657,1086.932666847999,10533.04736328125,
cil_wildreceipt_naive_seed42_bert,finished,bert_textonly,bert,cil_wildreceipt,42,,,17.766960754487375,-76.11653331361579,76.11653331361579,-85.18800858594388,108929329,108929329,339.7476484377403,6240.04150390625,
cil_wildreceipt_naive_seed7,finished,naive,layoutlmv3,cil_wildreceipt,7,,,20.793234179060953,-84.81430867760339,84.81430867760339,-85.18800858594388,125364657,125364657,1438.2545251847496,10533.04736328125,
cil_wildreceipt_naive_seed7_bert,finished,bert_textonly,bert,cil_wildreceipt,7,,,17.796357121528814,-76.66392366574605,76.66392366574605,-85.18800858594388,108929329,108929329,413.4961308744969,6240.04150390625,
cil_wildreceipt_o_lora_seed123,finished,o_lora,layoutlmv3,cil_wildreceipt,123,,,14.876165969765195,-74.76216739343249,74.76216739343249,-85.18800858594388,480049,125807025,1542.6490839609978,3652.4072265625,
cil_wildreceipt_o_lora_seed42,finished,o_lora,layoutlmv3,cil_wildreceipt,42,,,15.405244338498214,-74.94420660272185,74.94420660272185,-85.18800858594388,480049,125807025,1903.1439423047486,3652.4072265625,
cil_wildreceipt_o_lora_seed7,finished,o_lora,layoutlmv3,cil_wildreceipt,7,,,16.226472374013355,-73.63600813430126,73.63600813430126,-85.18800858594388,480049,125807025,3332.4494817500163,3652.4072265625,
dil_cl_lora_seed123,finished,cl_lora,layoutlmv3,dil,123,,,41.269402171396145,-56.690943272212834,56.690943272212834,-86.48983224566177,449289,125783186,1176.5077540009904,19096.60009765625,
dil_cl_lora_seed42,finished,cl_lora,layoutlmv3,dil,42,,,40.82101215538356,-58.768087799652974,58.768087799652974,-84.3461516017655,449289,125783186,3033.2411310914904,4643.6064453125,
dil_cl_lora_seed7,finished,cl_lora,layoutlmv3,dil,7,,,41.339189697610045,-60.96701813092568,60.96701813092568,-86.89837745316856,449289,125783186,1379.7507596916596,19096.60009765625,
dil_coda_prompt_seed123,finished,coda_prompt,layoutlmv3,dil,123,,,33.02172998637164,-10.29069726295706,10.29069726295706,-79.86245748806877,60681,125333897,3091.787904647994,3674.220703125,
dil_coda_prompt_seed42,finished,coda_prompt,layoutlmv3,dil,42,,,33.401685122236046,-10.705158266914454,10.705158266914454,-78.75554057497939,60681,125333897,3088.0566650423184,3674.220703125,
dil_coda_prompt_seed7,finished,coda_prompt,layoutlmv3,dil,7,,,31.11497002905364,-10.475421455080083,10.475421455080083,-78.42700316137257,60681,125333897,1823.4403245296755,3674.220703125,
dil_der_pp_seed123,finished,der_pp,layoutlmv3,dil,123,,,88.78306810378164,-1.9509534609085009,1.9509534609085009,-78.83564538230367,125333897,125333897,234.55018130782992,35531.7724609375,
dil_der_pp_seed123_lilt,finished,der_pp,lilt,dil,123,,,84.60600260850254,-3.8134084550963863,3.8134084550963863,-75.15409249238323,283569353,283569353,457.5593271176331,6652.6708984375,
dil_der_pp_seed42,finished,der_pp,layoutlmv3,dil,42,,,88.22694975581032,-2.945947694086506,2.945947694086506,-81.10631165653857,125333897,125333897,287.5252170036547,35531.7724609375,
dil_der_pp_seed42_lilt,finished,der_pp,lilt,dil,42,,,84.4403488221265,-3.2156472103401654,3.2156472103401654,-73.87324524912478,283569353,283569353,333.39294233700883,6652.6708984375,
dil_der_pp_seed7,finished,der_pp,layoutlmv3,dil,7,,,87.06138645987438,-5.362851052063,5.362851052063,-81.98053920910414,125333897,125333897,294.03512265812606,35531.7724609375,
dil_der_pp_seed7_lilt,finished,der_pp,lilt,dil,7,,,84.01118432851098,-3.951493725996528,3.951493725996528,-80.70508065017539,283569353,283569353,408.6093420724695,6652.6708984375,
dil_doccl_seed123,finished,doccl,layoutlmv3,dil,123,,all,83.06404229168531,-5.990540951044544,5.990540951044544,-79.64341153942007,125333897,125333897,2005.143615271314,5012.71044921875,all
dil_doccl_seed123_head_only,finished,doccl,layoutlmv3,dil,123,,head_only,84.40547428877343,-8.083650581164328,8.083650581164328,-79.10594138151015,125333897,125333897,1180.7064729390356,19326.95166015625,head_only
dil_doccl_seed123_late_only,finished,doccl,layoutlmv3,dil,123,,late_only,85.45629253652616,-5.8347752397080015,5.8347752397080015,-77.21078340504967,125333897,125333897,949.840323990987,19326.95166015625,late_only
dil_doccl_seed123_uniform,finished,doccl,layoutlmv3,dil,123,,uniform,41.948492338349595,-1.9036403241282533,1.9036403241282533,-69.90682095344633,125333897,125333897,405.6659509423577,19326.958984375,uniform
dil_doccl_seed42,finished,doccl,layoutlmv3,dil,42,,all,84.61695547550437,-5.2922690714745855,5.2922690714745855,-73.60900759557865,125333897,125333897,1955.6400145130076,5012.71044921875,all
dil_doccl_seed42_head_only,finished,doccl,layoutlmv3,dil,42,,head_only,86.08680462268988,-4.886480164187077,4.886480164187077,-76.22143312448127,125333897,125333897,888.202727324989,19326.95166015625,head_only
dil_doccl_seed42_late_only,finished,doccl,layoutlmv3,dil,42,,late_only,85.11968755751302,-6.896047023319014,6.896047023319014,-78.81729255873503,125333897,125333897,1173.3973591383935,19326.95166015625,late_only
dil_doccl_seed42_uniform,finished,doccl,layoutlmv3,dil,42,,uniform,41.76062277467205,-2.0134167715360176,2.0134167715360176,-71.73314662771709,125333897,125333897,489.1760508225998,19326.958984375,uniform
dil_doccl_seed7,finished,doccl,layoutlmv3,dil,7,,all,86.4561936448863,-2.4050171648380996,2.4050171648380996,-73.29019509086861,125333897,125333897,1671.1109468300128,5012.71044921875,all
dil_doccl_seed7_head_only,finished,doccl,layoutlmv3,dil,7,,head_only,87.88153124607227,-3.2397785585738603,3.2397785585738603,-75.22528670300726,125333897,125333897,980.9199256913658,19326.95166015625,head_only
dil_doccl_seed7_late_only,finished,doccl,layoutlmv3,dil,7,,late_only,87.93010317932459,-3.0025023968970714,3.0025023968970714,-71.67019722007666,125333897,125333897,1022.6809724303506,19326.95166015625,late_only
dil_doccl_seed7_uniform,finished,doccl,layoutlmv3,dil,7,,uniform,44.2186362982663,-1.5011548348618264,1.5011548348618264,-69.67249749434013,125333897,125333897,440.5582219949768,19326.958984375,uniform
dil_dualprompt_seed123,finished,dualprompt,layoutlmv3,dil,123,,,29.217055380789983,-10.795708877648341,10.795708877648341,-79.80891221752731,15369,125333897,1097.5948199589427,16843.34423828125,
dil_dualprompt_seed42,finished,dualprompt,layoutlmv3,dil,42,,,30.215453112635387,-11.238888850139817,11.238888850139817,-79.27371030450954,15369,125333897,1082.8489771191962,16843.34423828125,
dil_dualprompt_seed7,finished,dualprompt,layoutlmv3,dil,7,,,30.256133502142387,-11.123677714875976,11.123677714875976,-78.66737424619922,15369,125333897,1080.169289278953,16843.34423828125,
dil_er_cflat_seed123,finished,er_cflat,layoutlmv3,dil,123,,,88.309565585973,-1.1558714479631789,1.1558714479631789,-83.11628445419024,125333897,125333897,977.8259376036003,5621.0595703125,
dil_er_cflat_seed42,finished,er_cflat,layoutlmv3,dil,42,,,88.58509409778111,-2.26089980378206,2.26089980378206,-85.49123911204411,125333897,125333897,1419.065353098985,5621.0595703125,
dil_er_cflat_seed7,finished,er_cflat,layoutlmv3,dil,7,,,88.36044769420478,-1.95925332996989,1.95925332996989,-77.55492436722237,125333897,125333897,1501.4756009469663,5621.0595703125,
dil_er_seed123,finished,er,layoutlmv3,dil,123,,,88.61806632943285,-1.4056834298154257,1.4056834298154257,-77.8793920987529,125333897,125333897,222.33890054328367,27138.67529296875,
dil_er_seed123_lilt,finished,er,lilt,dil,123,,,86.03279213192322,-0.2830203679823384,0.2830203679823384,-78.28627521429067,283569353,283569353,295.63423369669664,6652.02783203125,
dil_er_seed42,finished,er,layoutlmv3,dil,42,,,86.21319417783377,-5.133080557602845,5.133080557602845,-82.52566235188584,125333897,125333897,277.55136427391943,27138.67529296875,
dil_er_seed42_lilt,finished,er,lilt,dil,42,,,85.10899855458315,-1.7164317123698254,1.7164317123698254,-75.6773382231256,283569353,283569353,274.2244482541767,6652.02783203125,
dil_er_seed7,finished,er,layoutlmv3,dil,7,,,88.72852933591298,-1.7964737891945646,1.7964737891945646,-81.34480347065826,125333897,125333897,225.69926367187873,27138.67529296875,
dil_er_seed7_lilt,finished,er,lilt,dil,7,,,85.81583182514413,-1.2775806151899403,1.2775806151899403,-78.74044005893037,283569353,283569353,273.08608063341427,6652.02783203125,
dil_ewc_seed123,finished,ewc,layoutlmv3,dil,123,,,41.163765803172474,-1.8564022679757075,1.8564022679757075,-72.85464008243696,125333897,125333897,151.09329242709404,20384.056640625,
dil_ewc_seed123_lilt,finished,ewc,lilt,dil,123,,,51.18720525911463,-32.008523474162594,32.008523474162594,-71.22368974453107,283569353,283569353,368.77855822304264,9889.4267578125,
dil_ewc_seed42,finished,ewc,layoutlmv3,dil,42,,,40.177431865550766,-3.994111946765395,3.994111946765395,-73.26068690746446,125333897,125333897,129.38445349456742,20384.056640625,
dil_ewc_seed42_lilt,finished,ewc,lilt,dil,42,,,52.31837148671533,-35.29865806579522,35.29865806579522,-73.1208217082874,283569353,283569353,382.6492138928734,9889.4267578125,
dil_ewc_seed7,finished,ewc,layoutlmv3,dil,7,,,42.372617835370875,-2.581714413026657,2.581714413026657,-71.09707842673444,125333897,125333897,149.82690414444855,20384.056640625,
dil_ewc_seed7_lilt,finished,ewc,lilt,dil,7,,,41.62741112183476,-25.173375822713993,25.173375822713993,-74.59971936853367,283569353,283569353,285.68457467916113,9889.4267578125,
dil_joint_seed123,finished,joint,layoutlmv3,dil,123,,,87.48793554598232,0.0,-0.0,,125333897,125333897,720.5334995550002,10532.07080078125,
dil_joint_seed42,finished,joint,layoutlmv3,dil,42,,,89.68037947479684,0.0,-0.0,,125333897,125333897,1591.3792773469977,10532.07080078125,
dil_joint_seed7,finished,joint,layoutlmv3,dil,7,,,89.02520724653523,0.0,-0.0,,125333897,125333897,1391.3644754829947,10532.07080078125,
dil_l2p_seed123,finished,l2p,layoutlmv3,dil,123,,,30.330296452234887,-11.418558631878282,11.418558631878282,-85.09768506994274,53001,125333897,1146.4373412119846,16843.58349609375,
dil_l2p_seed42,finished,l2p,layoutlmv3,dil,42,,,30.88735967889447,-11.50909929331221,11.50909929331221,-79.26519482855481,53001,125333897,1129.3688790791978,16843.58349609375,
dil_l2p_seed7,finished,l2p,layoutlmv3,dil,7,,,30.066924155237164,-11.524169584238145,11.524169584238145,-80.06612190258082,53001,125333897,1011.8921770048328,16843.58349609375,
dil_lwf_seed123,finished,lwf,layoutlmv3,dil,123,,,43.81522956762662,-69.32930483222007,69.32930483222007,-82.46557011954005,125333897,125333897,417.98052176026005,20887.7626953125,
dil_lwf_seed42,finished,lwf,layoutlmv3,dil,42,,,42.540942952112005,-70.70560882729875,70.70560882729875,-86.74052485734198,125333897,125333897,402.0892099865402,20887.7626953125,
dil_lwf_seed7,finished,lwf,layoutlmv3,dil,7,,,44.63052595310533,-67.24351050127635,67.24351050127635,-86.49342460345764,125333897,125333897,243.29339801240712,20887.7626953125,
dil_naive_seed123,finished,naive,layoutlmv3,dil,123,,,40.852231017152604,-73.25932936743493,73.25932936743493,-86.64376987631282,125333897,125333897,537.8328597053345,10532.07080078125,
dil_naive_seed123_bert,finished,bert_textonly,bert,dil,123,,,39.16107168633037,-60.29236487186464,60.29236487186464,-81.87683797813028,108898569,108898569,524.0751507056606,6238.32275390625,
dil_naive_seed123_lilt,finished,naive,lilt,dil,123,,,39.868588756423094,-70.3254452996967,70.3254452996967,-82.85050930830532,283569353,283569353,726.8919671465022,5696.7685546875,
dil_naive_seed42,finished,naive,layoutlmv3,dil,42,,,40.05736957640367,-74.98909082240792,74.98909082240792,-85.64955046376794,125333897,125333897,648.239122190999,10532.07080078125,
dil_naive_seed42_bert,finished,bert_textonly,bert,dil,42,,,39.413984640355324,-59.69718541432082,59.69718541432082,-78.63892109332235,108898569,108898569,613.8524806080192,6238.32275390625,
dil_naive_seed42_lilt,finished,naive,lilt,dil,42,,,40.68096336747676,-69.62667479064268,69.62667479064268,-83.45483386377637,283569353,283569353,695.0892493552528,5696.7685546875,
dil_naive_seed7,finished,naive,layoutlmv3,dil,7,,,43.029803178501844,-71.00633014456328,71.00633014456328,-85.15705481888476,125333897,125333897,558.5646685640022,10532.07080078125,
dil_naive_seed7_bert,finished,bert_textonly,bert,dil,7,,,39.67955014696886,-59.69396316695021,59.69396316695021,-82.61835009003495,108898569,108898569,324.12879429365665,6238.32275390625,
dil_naive_seed7_lilt,finished,naive,lilt,dil,7,,,39.875987015289546,-70.83427371198314,70.83427371198314,-83.55262639766539,283569353,283569353,701.7913545877673,5696.7685546875,
dil_o_lora_seed123,finished,o_lora,layoutlmv3,dil,123,,,40.42990254602648,-57.82439415776274,57.82439415776274,-86.1390082519567,449289,125783186,2555.0155220826855,3648.71533203125,
dil_o_lora_seed42,finished,o_lora,layoutlmv3,dil,42,,,41.004391094768145,-55.77410490731053,55.77410490731053,-81.10265606453581,449289,125783186,1931.3228337936841,3648.71533203125,
dil_o_lora_seed7,finished,o_lora,layoutlmv3,dil,7,,,40.97289452810372,-56.89362665885718,56.89362665885718,-80.27376293116127,449289,125783186,971.3945890129932,17570.904296875,
dil_xlingual_coda_prompt_seed123,finished,coda_prompt,layoutlmv3,dil_xlingual,123,,,17.81611725458155,-0.583030118590484,0.583030118590484,-63.47139105296287,60681,125333897,307.4594910588115,3674.220703125,
dil_xlingual_coda_prompt_seed42,finished,coda_prompt,layoutlmv3,dil_xlingual,42,,,14.426385135748216,-3.5626741208122574,3.5626741208122574,-65.05309226652376,60681,125333897,371.6374449580908,3674.220703125,
dil_xlingual_coda_prompt_seed7,finished,coda_prompt,layoutlmv3,dil_xlingual,7,,,16.3263363949539,-1.1006425801171957,1.1006425801171957,-65.0627663256748,60681,125333897,292.1905433394015,3674.220703125,
dil_xlingual_der_pp_seed123,finished,der_pp,layoutlmv3,dil_xlingual,123,,,80.51855098823786,1.3632093472162943,-1.3632093472162943,-21.86038000044139,125333897,125333897,174.80206893039866,35531.7724609375,
dil_xlingual_der_pp_seed42,finished,der_pp,layoutlmv3,dil_xlingual,42,,,80.16483680618224,-0.05850447943721093,0.05850447943721093,-20.829469778504777,125333897,125333897,199.7822797236964,35531.7724609375,
dil_xlingual_der_pp_seed7,finished,der_pp,layoutlmv3,dil_xlingual,7,,,80.1395528345963,0.3411185632764884,-0.3411185632764884,-21.361264174928877,125333897,125333897,192.01033172234892,35531.7724609375,
dil_xlingual_doccl_seed123,finished,doccl,layoutlmv3,dil_xlingual,123,,all,74.25517931822377,-0.4971626458793459,0.4971626458793459,-22.404473380028513,125333897,125333897,1784.0611065998673,6844.7373046875,all
dil_xlingual_doccl_seed42,finished,doccl,layoutlmv3,dil_xlingual,42,,all,75.68081006373691,0.5699856613359344,-0.5699856613359344,-22.700941656218745,125333897,125333897,525.849361374008,6846.7373046875,all
dil_xlingual_doccl_seed7,finished,doccl,layoutlmv3,dil_xlingual,7,,all,75.16067271874893,-1.0771378606877064,1.0771378606877064,-24.045058403235668,125333897,125333897,2296.9153946384786,6844.7373046875,all
dil_xlingual_dualprompt_seed123,finished,dualprompt,layoutlmv3,dil_xlingual,123,,,15.80263721113134,-1.4289826934206036,1.4289826934206036,-65.66574190477345,15369,125333897,435.17707979064437,3673.177734375,
dil_xlingual_dualprompt_seed42,finished,dualprompt,layoutlmv3,dil_xlingual,42,,,23.750576571275634,3.968345176444167,-3.968345176444167,-64.57401295079801,15369,125333897,634.2904938727618,3673.177734375,
dil_xlingual_dualprompt_seed7,finished,dualprompt,layoutlmv3,dil_xlingual,7,,,16.24416024983933,-1.2579279144110247,1.2579279144110247,-64.83034511229499,15369,125333897,385.3647398975678,3673.177734375,
dil_xlingual_er_seed123,finished,er,layoutlmv3,dil_xlingual,123,,,80.43565896712563,1.9675693766749944,-1.9675693766749944,-21.78932248240187,125333897,125333897,160.42045444790273,27138.67529296875,
dil_xlingual_er_seed42,finished,er,layoutlmv3,dil_xlingual,42,,,78.27738688739234,1.0174407369631666,-1.0174407369631666,-21.496956024101408,125333897,125333897,125.47782038031146,27138.67529296875,
dil_xlingual_er_seed7,finished,er,layoutlmv3,dil_xlingual,7,,,79.88108253850332,1.6730763397394668,-1.6730763397394668,-20.409545728223996,125333897,125333897,162.80138955647126,27138.67529296875,
dil_xlingual_ewc_seed123,finished,ewc,layoutlmv3,dil_xlingual,123,,,39.154759992628684,-29.134996940472874,29.134996940472874,-24.233738691749636,125333897,125333897,105.47171496190131,20384.056640625,
dil_xlingual_ewc_seed42,finished,ewc,layoutlmv3,dil_xlingual,42,,,60.975165636984876,0.18530538461999235,-0.18530538461999235,-23.243828220222866,125333897,125333897,114.79395052231848,20384.056640625,
dil_xlingual_ewc_seed7,finished,ewc,layoutlmv3,dil_xlingual,7,,,62.59532638893647,0.12423721769201101,-0.12423721769201101,-21.33203054453884,125333897,125333897,169.70136967180298,20384.056640625,
dil_xlingual_joint_seed123,finished,joint,layoutlmv3,dil_xlingual,123,,,73.88413813400247,0.0,-0.0,,125333897,125333897,393.29655765399366,10532.07080078125,
dil_xlingual_joint_seed42,finished,joint,layoutlmv3,dil_xlingual,42,,,80.25485807271312,0.0,-0.0,,125333897,125333897,1027.8144178359944,10532.07080078125,
dil_xlingual_joint_seed7,finished,joint,layoutlmv3,dil_xlingual,7,,,81.38110234172036,0.0,-0.0,,125333897,125333897,1318.6073734522797,19427.818359375,
dil_xlingual_l2p_seed123,finished,l2p,layoutlmv3,dil_xlingual,123,,,16.100505685774465,-1.2793997689868868,1.2793997689868868,-65.86485474799326,53001,125333897,206.92880532993004,16843.58349609375,
dil_xlingual_l2p_seed42,finished,l2p,layoutlmv3,dil_xlingual,42,,,27.1145082085662,4.898763794893282,-4.898763794893282,-63.345232479176474,53001,125333897,346.5195330964401,16843.58349609375,
dil_xlingual_l2p_seed7,finished,l2p,layoutlmv3,dil_xlingual,7,,,16.46881347714899,-1.1858021503051224,1.1858021503051224,-64.45074070080048,53001,125333897,177.9635592673905,16843.58349609375,
dil_xlingual_lwf_seed123,finished,lwf,layoutlmv3,dil_xlingual,123,,,73.45942417575961,-6.075211177547747,6.075211177547747,-22.641194944257073,125333897,125333897,140.16756082996727,20887.7626953125,
dil_xlingual_lwf_seed42,finished,lwf,layoutlmv3,dil_xlingual,42,,,75.34641048496339,-4.93968025373529,4.93968025373529,-22.13363446804805,125333897,125333897,178.18194432025774,20887.7626953125,
dil_xlingual_lwf_seed7,finished,lwf,layoutlmv3,dil_xlingual,7,,,73.91309846545354,-6.8019662511997865,6.8019662511997865,-22.339506100401636,125333897,125333897,148.00747846961022,20887.7626953125,
dil_xlingual_naive_seed123,finished,naive,layoutlmv3,dil_xlingual,123,,,72.16901618612353,-7.289720409271077,7.289720409271077,-21.11889120865942,125333897,125333897,233.18666639660077,10532.07080078125,
dil_xlingual_naive_seed123_bert,finished,bert_textonly,bert,dil_xlingual,123,,,43.764395658980995,-7.063643849906969,7.063643849906969,-50.38169963411749,108898569,108898569,80.2450027124025,6238.32275390625,
dil_xlingual_naive_seed42,finished,naive,layoutlmv3,dil_xlingual,42,,,72.75815013197335,-7.058702680416673,7.058702680416673,-19.295555495952648,125333897,125333897,248.06304588820058,10532.07080078125,
dil_xlingual_naive_seed42_bert,finished,bert_textonly,bert,dil_xlingual,42,,,43.846858252860955,-7.024226060976668,7.024226060976668,-51.02574684361053,108898569,108898569,72.34958220180124,6238.32275390625,
dil_xlingual_naive_seed7,finished,naive,layoutlmv3,dil_xlingual,7,,,73.62979894141519,-5.375354825613783,5.375354825613783,-22.099520031000594,125333897,125333897,211.55427855260058,10532.07080078125,
dil_xlingual_naive_seed7_bert,finished,bert_textonly,bert,dil_xlingual,7,,,46.49976480776148,-5.718177815738972,5.718177815738972,-50.33528863879492,108898569,108898569,76.75379517311231,6238.32275390625,
dil_xlingual_o_lora_seed123,finished,o_lora,layoutlmv3,dil_xlingual,123,,,47.50268598257087,-16.414451135279727,16.414451135279727,-33.44589546089138,449289,125783186,664.5048373952508,3648.71533203125,
dil_xlingual_o_lora_seed42,finished,o_lora,layoutlmv3,dil_xlingual,42,,,50.35861748327649,-12.31132072989721,12.31132072989721,-35.08039885734597,449289,125783186,532.4241431996227,3648.71533203125,
dil_xlingual_o_lora_seed7,finished,o_lora,layoutlmv3,dil_xlingual,7,,,45.38924051268834,-17.594910156607845,17.594910156607845,-33.20685809758883,449289,125783186,710.739287148416,3648.71533203125,
mixed_cl_lora_seed123,finished,cl_lora,layoutlmv3,mixed,123,,,31.53649664294098,-61.40871165704266,61.40871165704266,-89.23829061514999,461593,125788569,1820.7988154473521,1827.26513671875,
mixed_cl_lora_seed42,finished,cl_lora,layoutlmv3,mixed,42,,,30.674736701440196,-61.761659538592106,61.761659538592106,-89.24743495811359,461593,125788569,2190.983959604821,1827.26513671875,
mixed_cl_lora_seed7,finished,cl_lora,layoutlmv3,mixed,7,,,31.903730283593912,-61.3551587815828,61.3551587815828,-89.2490394506928,461593,125788569,2562.4135997801786,1827.26513671875,
mixed_coda_prompt_seed123,finished,coda_prompt,layoutlmv3,mixed,123,,,6.5694972539079,-6.744798283415126,6.744798283415126,-88.05694318717761,72985,125346201,604.366316586112,3674.9033203125,
mixed_coda_prompt_seed42,finished,coda_prompt,layoutlmv3,mixed,42,,,9.612233752048063,-4.400817474049245,4.400817474049245,-88.81102241841249,72985,125346201,935.7060277083268,3674.9033203125,
mixed_coda_prompt_seed7,finished,coda_prompt,layoutlmv3,mixed,7,,,8.154761904761905,-6.517012581004643,6.517012581004643,-88.80092845201595,72985,125346201,970.136514182513,3674.9033203125,
mixed_der_pp_seed123,finished,der_pp,layoutlmv3,mixed,123,,,58.035176429387796,-37.17906023192689,37.17906023192689,-78.5979218607997,125346201,125346201,192.05555476791537,35534.2099609375,
mixed_der_pp_seed123_lilt,finished,der_pp,lilt,mixed,123,,,56.58544880282326,-33.006251961348006,33.006251961348006,-83.0354472176831,283581657,283581657,254.16356825611243,6654.35888671875,
mixed_der_pp_seed42,finished,der_pp,layoutlmv3,mixed,42,,,60.926490579425014,-34.867699551344074,34.867699551344074,-79.48671238435722,125346201,125346201,238.59615491547933,35534.2099609375,
mixed_der_pp_seed42_lilt,finished,der_pp,lilt,mixed,42,,,51.84728419603127,-37.68075038395342,37.68075038395342,-79.2993243987317,283581657,283581657,246.935753247623,6654.35888671875,
mixed_der_pp_seed7,finished,der_pp,layoutlmv3,mixed,7,,,63.512211050982664,-32.34330666039297,32.34330666039297,-79.01366621599206,125346201,125346201,187.13556737437224,35534.2099609375,
mixed_doccl_seed123,finished,doccl,layoutlmv3,mixed,123,,all,56.856527711022885,-36.10318937523065,36.10318937523065,-80.47142531225393,125346201,125346201,1549.9402265461588,5013.39794921875,all
mixed_doccl_seed42,finished,doccl,layoutlmv3,mixed,42,,all,60.30448271788353,-16.352237567475697,16.352237567475697,-80.10870146391838,125346201,125346201,1897.765938321827,5013.39794921875,all
mixed_doccl_seed7,finished,doccl,layoutlmv3,mixed,7,,all,55.74969302215132,-28.7102994595114,28.7102994595114,-80.82353751339095,125346201,125346201,2010.1406634278635,5013.39794921875,all
mixed_dualprompt_seed123,finished,dualprompt,layoutlmv3,mixed,123,,,11.659338869890897,-3.867577339727309,3.867577339727309,-88.14370841129428,27673,125346201,1311.0821213617455,3673.873046875,
mixed_dualprompt_seed42,finished,dualprompt,layoutlmv3,mixed,42,,,11.844248941023134,-1.0465973109462046,1.0465973109462046,-88.91218100172549,27673,125346201,526.8995133579398,16844.02783203125,
mixed_dualprompt_seed7,finished,dualprompt,layoutlmv3,mixed,7,,,11.63583252190847,-2.864443179792234,2.864443179792234,-84.80711605558443,27673,125346201,1280.0053938468918,3673.873046875,
mixed_er_cflat_seed123,finished,er_cflat,layoutlmv3,mixed,123,,,61.45091545468173,-24.44827160976286,24.44827160976286,-79.0287751335122,125346201,125346201,5672.392569062485,3828.2255859375,
mixed_er_cflat_seed42,finished,er_cflat,layoutlmv3,mixed,42,,,62.30636277474766,-24.108291998557345,24.108291998557345,-80.22532954832181,125346201,125346201,724.5722647988392,5623.2939453125,
mixed_er_cflat_seed7,finished,er_cflat,layoutlmv3,mixed,7,,,62.89435952028074,-16.86748063640147,16.86748063640147,-81.26285637642684,125346201,125346201,529.5624745870009,5621.2939453125,
mixed_er_seed123,finished,er,layoutlmv3,mixed,123,,,62.257601622616086,-22.59906090286311,22.59906090286311,-79.56898499187729,125346201,125346201,167.8351870997188,27140.33935546875,
mixed_er_seed123_lilt,finished,er,lilt,mixed,123,,,55.7314101592789,-24.075031909070866,24.075031909070866,-81.5967363303362,283581657,283581657,199.0230248120303,6652.96533203125,
mixed_er_seed42,finished,er,layoutlmv3,mixed,42,,,64.32730211749605,-17.151509772039603,17.151509772039603,-77.8366813170232,125346201,125346201,137.17127815967737,27140.33935546875,
mixed_er_seed42_lilt,finished,er,lilt,mixed,42,,,56.610260696519525,-24.817000180538805,24.817000180538805,-81.70471655367281,283581657,283581657,229.94445531528132,6652.96533203125,
mixed_er_seed7,finished,er,layoutlmv3,mixed,7,,,54.375651715141316,-30.834823136161468,30.834823136161468,-79.18530244968643,125346201,125346201,180.98856044816785,27140.33935546875,
mixed_er_seed7_lilt,finished,er,lilt,mixed,7,,,58.54941298528442,-21.003155139357574,21.003155139357574,-79.33634636808704,283581657,283581657,198.70222417567857,6652.96533203125,
mixed_ewc_seed123,finished,ewc,layoutlmv3,mixed,123,,,16.465310730593718,-6.8198420145194785,6.8198420145194785,-89.2490394506928,125346201,125346201,107.32909739149424,20384.791015625,
mixed_ewc_seed123_lilt,finished,ewc,lilt,mixed,123,,,24.762753685720998,-26.385725776127618,26.385725776127618,-89.01064013183372,283581657,283581657,230.92581138930595,9890.7080078125,
mixed_ewc_seed42,finished,ewc,layoutlmv3,mixed,42,,,16.8026756536952,-6.6467474651405265,6.6467474651405265,-89.2490394506928,125346201,125346201,115.17724668250109,20384.791015625,
mixed_ewc_seed42_lilt,finished,ewc,lilt,mixed,42,,,30.488014728467405,-34.076306347285424,34.076306347285424,-89.2490394506928,283581657,283581657,317.73478880214196,9890.7080078125,
mixed_ewc_seed7,finished,ewc,layoutlmv3,mixed,7,,,32.85801558661897,-11.876429903953197,11.876429903953197,-87.71375261619013,125346201,125346201,110.3934309311832,20384.791015625,
mixed_ewc_seed7_lilt,finished,ewc,lilt,mixed,7,,,28.941362153691387,-37.26745131709687,37.26745131709687,-89.2490394506928,283581657,283581657,200.26789198691645,9890.7080078125,
mixed_joint_seed123,finished,joint,layoutlmv3,mixed,123,,,68.3068601078721,0.0,-0.0,,125346201,125346201,1624.0888114049958,10532.46142578125,
mixed_joint_seed42,finished,joint,layoutlmv3,mixed,42,,,67.54645743695941,0.0,-0.0,,125346201,125346201,1133.6190707150017,10532.46142578125,
mixed_joint_seed7,finished,joint,layoutlmv3,mixed,7,,,66.6639762403542,0.0,-0.0,,125346201,125346201,1244.6160647340002,10532.46142578125,
mixed_l2p_seed123,finished,l2p,layoutlmv3,mixed,123,,,11.620185922974768,-4.56682266401635,4.56682266401635,-85.77159497053377,65305,125346201,544.0715714249915,16844.19970703125,
mixed_l2p_seed42,finished,l2p,layoutlmv3,mixed,42,,,11.337981407702522,-1.7069329991335505,1.7069329991335505,-88.6028122729028,65305,125346201,524.3677494923273,16844.19970703125,
mixed_l2p_seed7,finished,l2p,layoutlmv3,mixed,7,,,11.411862990810361,-2.2672486441544093,2.2672486441544093,-87.89134935630885,65305,125346201,550.1617746771468,16844.19970703125,
mixed_lwf_seed123,finished,lwf,layoutlmv3,mixed,123,,,36.47132288028143,-64.8313512589294,64.8313512589294,-89.2490394506928,125346201,125346201,340.50788618430187,20889.7236328125,
mixed_lwf_seed42,finished,lwf,layoutlmv3,mixed,42,,,35.100386990749094,-66.93853473871167,66.93853473871167,-89.2490394506928,125346201,125346201,335.2382558967608,20889.7236328125,
mixed_lwf_seed7,finished,lwf,layoutlmv3,mixed,7,,,34.13326131901448,-67.539115320039,67.539115320039,-89.2490394506928,125346201,125346201,205.50097974032784,20889.7236328125,
mixed_naive_seed123,finished,naive,layoutlmv3,mixed,123,,,33.46928807875894,-67.35998047997812,67.35998047997812,-89.2490394506928,125346201,125346201,434.70803592249894,10532.46142578125,
mixed_naive_seed123_bert,finished,bert_textonly,bert,mixed,123,,,23.37591147293844,-61.86318876267431,61.86318876267431,-89.2490394506928,108910873,108910873,114.0372627734517,6239.01025390625,
mixed_naive_seed123_lilt,finished,naive,lilt,mixed,123,,,31.109020233050217,-65.19606553271527,65.19606553271527,-89.2490394506928,283581657,283581657,466.61210420207743,5697.8037109375,
mixed_naive_seed42,finished,naive,layoutlmv3,mixed,42,,,34.08110563210703,-66.49637539991892,66.49637539991892,-89.2490394506928,125346201,125346201,367.63520698083204,10532.46142578125,
mixed_naive_seed42_bert,finished,bert_textonly,bert,mixed,42,,,23.104952259848435,-59.84760383080602,59.84760383080602,-89.2490394506928,108910873,108910873,113.07446974492632,6239.01025390625,
mixed_naive_seed42_lilt,finished,naive,lilt,mixed,42,,,31.069703507257866,-65.90890644433179,65.90890644433179,-89.2490394506928,283581657,283581657,523.1677591962119,5697.8037109375,
mixed_naive_seed7,finished,naive,layoutlmv3,mixed,7,,,34.00522885601514,-66.82421304034838,66.82421304034838,-89.2490394506928,125346201,125346201,437.94913034816756,10532.46142578125,
mixed_naive_seed7_bert,finished,bert_textonly,bert,mixed,7,,,23.64027981705902,-62.123867758905966,62.123867758905966,-89.2490394506928,108910873,108910873,138.8212672995869,6239.01025390625,
mixed_naive_seed7_lilt,finished,naive,lilt,mixed,7,,,29.817208443011612,-66.18609928490584,66.18609928490584,-89.2490394506928,283581657,283581657,491.5740128736943,5697.8037109375,
mixed_o_lora_seed123,finished,o_lora,layoutlmv3,mixed,123,,,14.199759326113117,-20.34981507997031,20.34981507997031,-87.35336411502436,461593,125788569,1276.4058900522068,3649.3759765625,
mixed_o_lora_seed42,finished,o_lora,layoutlmv3,mixed,42,,,12.848605270655838,-19.2518845732331,19.2518845732331,-88.57738463435848,461593,125788569,1271.003925648518,3649.3759765625,
mixed_o_lora_seed7,finished,o_lora,layoutlmv3,mixed,7,,,13.221601489757916,-16.996178009960435,16.996178009960435,-89.02374842429886,461593,125788569,975.8373056758816,3649.3759765625,
single_cord_naive_seed123,finished,naive,layoutlmv3,single_cord,123,,,94.58841463414635,0.0,-0.0,,125373885,125373885,1093.1993419669998,10533.34033203125,
single_cord_naive_seed42,finished,naive,layoutlmv3,single_cord,42,,,93.65260357278602,0.0,-0.0,,125373885,125373885,778.5235431860019,10533.34033203125,
single_cord_naive_seed7,finished,naive,layoutlmv3,single_cord,7,,,94.19795221843003,0.0,-0.0,,125373885,125373885,906.9396984529994,10533.34033203125,
single_funsd_naive_seed123,finished,naive,layoutlmv3,single_funsd,123,,,87.56567425569177,0.0,-0.0,,125332359,125332359,166.12484041599964,10532.02197265625,
single_funsd_naive_seed42,finished,naive,layoutlmv3,single_funsd,42,,,88.72853943767106,0.0,-0.0,,125332359,125332359,272.53137083899855,10532.02197265625,
single_funsd_naive_seed7,finished,naive,layoutlmv3,single_funsd,7,,,85.93363051015355,0.0,-0.0,,125332359,125332359,153.6253104919997,10532.02197265625,
single_sroie_naive_seed123,finished,naive,layoutlmv3,single_sroie,123,,,83.73557187827912,0.0,-0.0,,125333897,125333897,1279.118474936,10532.07080078125,
single_sroie_naive_seed42,finished,naive,layoutlmv3,single_sroie,42,,,83.14993122420907,0.0,-0.0,,125333897,125333897,843.4576537789981,10532.07080078125,
single_sroie_naive_seed7,finished,naive,layoutlmv3,single_sroie,7,,,82.5164594001463,0.0,-0.0,,125333897,125333897,580.5177489380003,10532.07080078125,
single_wildreceipt_naive_seed123,finished,naive,layoutlmv3,single_wildreceipt,123,,,84.95949792016346,0.0,-0.0,,125364657,125364657,1146.0189057259995,10533.04736328125,
single_wildreceipt_naive_seed42,finished,naive,layoutlmv3,single_wildreceipt,42,,,84.9006143838092,0.0,-0.0,,125364657,125364657,1110.7452040930002,10533.04736328125,
single_wildreceipt_naive_seed7,finished,naive,layoutlmv3,single_wildreceipt,7,,,85.703913453859,0.0,-0.0,,125364657,125364657,1728.3382646200007,10533.04736328125,
single_xfund_naive_seed123,finished,naive,layoutlmv3,single_xfund,123,,,80.91979195182041,0.0,-0.0,,125332359,125332359,344.89869717799957,10532.02197265625,
single_xfund_naive_seed42,finished,naive,layoutlmv3,single_xfund,42,,,76.32296781232952,0.0,-0.0,,125332359,125332359,172.8904464820007,10532.02197265625,
single_xfund_naive_seed7,finished,naive,layoutlmv3,single_xfund,7,,,80.36383092562869,0.0,-0.0,,125332359,125332359,276.9458607209999,10532.02197265625,
